<?xml version="1.0" encoding="UTF-8"?>
<config xmlns="http://www.knime.org/2008/09/XMLConfig" xmlns:xsi="http://www.w3.org/2001/XMLSchema-instance" xsi:schemaLocation="http://www.knime.org/2008/09/XMLConfig http://www.knime.org/XMLConfig_2008_09.xsd" key="MiningSchema">
    <config key="learning">
        <entry key="array-size" type="xint" value="9"/>
        <entry key="0" type="xstring" value="carat"/>
        <entry key="1" type="xstring" value="cut"/>
        <entry key="2" type="xstring" value="color"/>
        <entry key="3" type="xstring" value="clarity"/>
        <entry key="4" type="xstring" value="depth"/>
        <entry key="5" type="xstring" value="table"/>
        <entry key="6" type="xstring" value="x"/>
        <entry key="7" type="xstring" value="y"/>
        <entry key="8" type="xstring" value="z"/>
    </config>
    <config key="target">
        <entry key="array-size" type="xint" value="1"/>
        <entry key="0" type="xstring" value="price"/>
    </config>
</config>
