<?xml version="1.0" encoding="UTF-8"?>
<config xmlns="http://www.knime.org/2008/09/XMLConfig" xmlns:xsi="http://www.w3.org/2001/XMLSchema-instance" xsi:schemaLocation="http://www.knime.org/2008/09/XMLConfig http://www.knime.org/XMLConfig_2008_09.xsd" key="MiningSchema">
    <config key="learning">
        <entry key="array-size" type="xint" value="32"/>
        <entry key="0" type="xstring" value="Age"/>
        <entry key="1" type="xstring" value="Gender"/>
        <entry key="2" type="xstring" value="Ethnicity"/>
        <entry key="3" type="xstring" value="EducationLevel"/>
        <entry key="4" type="xstring" value="BMI"/>
        <entry key="5" type="xstring" value="Smoking"/>
        <entry key="6" type="xstring" value="AlcoholConsumption"/>
        <entry key="7" type="xstring" value="PhysicalActivity"/>
        <entry key="8" type="xstring" value="DietQuality"/>
        <entry key="9" type="xstring" value="SleepQuality"/>
        <entry key="10" type="xstring" value="FamilyHistoryParkinsons"/>
        <entry key="11" type="xstring" value="TraumaticBrainInjury"/>
        <entry key="12" type="xstring" value="Hypertension"/>
        <entry key="13" type="xstring" value="Diabetes"/>
        <entry key="14" type="xstring" value="Depression"/>
        <entry key="15" type="xstring" value="Stroke"/>
        <entry key="16" type="xstring" value="SystolicBP"/>
        <entry key="17" type="xstring" value="DiastolicBP"/>
        <entry key="18" type="xstring" value="CholesterolTotal"/>
        <entry key="19" type="xstring" value="CholesterolLDL"/>
        <entry key="20" type="xstring" value="CholesterolHDL"/>
        <entry key="21" type="xstring" value="CholesterolTriglycerides"/>
        <entry key="22" type="xstring" value="UPDRS"/>
        <entry key="23" type="xstring" value="MoCA"/>
        <entry key="24" type="xstring" value="FunctionalAssessment"/>
        <entry key="25" type="xstring" value="Tremor"/>
        <entry key="26" type="xstring" value="Rigidity"/>
        <entry key="27" type="xstring" value="Bradykinesia"/>
        <entry key="28" type="xstring" value="PosturalInstability"/>
        <entry key="29" type="xstring" value="SpeechProblems"/>
        <entry key="30" type="xstring" value="SleepDisorders"/>
        <entry key="31" type="xstring" value="Constipation"/>
    </config>
    <config key="target">
        <entry key="array-size" type="xint" value="1"/>
        <entry key="0" type="xstring" value="Diagnosis"/>
    </config>
</config>
